sample_id,fault_probability,fault_prediction,cause_prediction,cause_prob_class_0,cause_prob_class_1,cause_prob_class_2,cause_prob_class_3
1,1.3175716073732247e-09,0,0,1.0,6.621234116543917e-11,3.0091682617916504e-11,1.168103502813267e-09
2,0.9999999403953552,1,1,3.9830156950415585e-09,1.0,9.66732693896688e-10,1.2734665766345188e-08
3,0.9999999403953552,1,2,3.062351736668294e-14,1.3276484078783568e-11,1.0,1.1272782707294482e-08
